ID,name,age,parents_IDs,children_IDs
0,Emma,,"['1', '2']",[None]
1,Noah,,"['3', '4']",['0']
2,Olivia,,"['5', '6']",['0']
3,Liam,,"['7', '8']",['1']
4,Sophia,,"['9', '10']",['1']
5,Jackson,,"['11', '12']",['2']
6,Ava,,"['13', '14']",['2']
7,Aiden,,"['15', '16']",['3']
8,Isabella,,"['17', '18']",['3']
9,Lucas,,"['19', '20']",['4']
10,Mia,,"['21', '22']",['4']
11,Ethan,,"['23', '24']",['5']
12,Amelia,,"['25', '26']",['5']
13,Oliver,,"['27', '28']",['6']
14,Harper,,"['29', '30']",['6']
15,Elijah,,"['31', '32']",['7']
16,Abigail,,"['33', '34']",['7']
17,Benjamin,,"['35', '36']",['8']
18,Charlotte,,"['37', '38']",['8']
19,Caleb,,"['39', '40']",['9']
20,Scarlett,,"['41', '42']",['9']
21,Henry,,"['43', '44']",['10']
22,Madison,,"['45', '46']",['10']
23,Samuel,,"['47', '48']",['11']
24,Evelyn,,"['49', '50']",['11']
25,James,,"['51', '52']",['12']
26,Grace,,"['53', '54']",['12']
27,Alexander,,"['55', '56']",['13']
28,Lily,,"['57', '58']",['13']
29,Daniel,,"['59', '60']",['14']
30,Aria,,"['61', '62']",['14']
31,Michael,,"['63', '64']",['15']
32,Ella,,"['65', '66']",['15']
33,Logan,,"['67', '68']",['16']
34,Zoey,,"['69', '70']",['16']
35,Matthew,,"['71', '72']",['17']
36,Chloe,,"['73', '74']",['17']
37,Joseph,,"['75', '76']",['18']
38,Harper,,"['77', '78']",['18']
39,David,,"['79', '80']",['19']
40,Sofia,,"['81', '82']",['19']
41,Benjamin,,"['83', '84']",['20']
42,Avery,,"['85', '86']",['20']
43,Andrew,,"['87', '88']",['21']
44,Addison,,"['89', '90']",['21']
45,Jack,,"['91', '92']",['22']
46,Aubrey,,"['93', '94']",['22']
47,Luke,,"['95', '96']",['23']
48,Lillian,,"['97', '98']",['23']
49,William,,"['99', '100']",['24']
50,Natalie,,"['101', '102']",['24']
51,Jayden,,"['103', '104']",['25']
52,Hannah,,"['105', '106']",['25']
53,Owen,,"['107', '108']",['26']
54,Brooklyn,,"['109', '110']",['26']
55,Wyatt,,"['111', '112']",['27']
56,Scarlett,,"['113', '114']",['27']
57,Carter,,"['115', '116']",['28']
58,Amelia,,"['117', '118']",['28']
59,Leo,,"['119', '120']",['29']
60,Layla,,"['121', '122']",['29']
61,Alexander,,"['123', '124']",['30']
62,Victoria,,"['125', '126']",['30']
63,Dylan,,"['127', '128']",['31']
64,Zoey,,"['129', '130']",['31']
65,Grayson,,"['131', '132']",['32']
66,Penelope,,"['133', '134']",['32']
67,Ethan,,"['135', '136']",['33']
68,Riley,,"['137', '138']",['33']
69,Christopher,,"['139', '140']",['34']
70,Leah,,"['141', '142']",['34']
71,Josiah,,"['143', '144']",['35']
72,Stella,,"['145', '146']",['35']
73,Isaac,,"['147', '148']",['36']
74,Hazel,,"['149', '150']",['36']
75,Julian,,"['151', '152']",['37']
76,Aurora,,"['153', '154']",['37']
77,Matthew,,"['155', '156']",['38']
78,Nora,,"['157', '158']",['38']
79,Samuel,,"['159', '160']",['39']
80,Lucy,,"['161', '162']",['39']
81,Anthony,,"['163', '164']",['40']
82,Ellie,,"['165', '166']",['40']
83,Eli,,"['167', '168']",['41']
84,Paisley,,"['169', '170']",['41']
85,Jackson,,"['171', '172']",['42']
86,Skylar,,"['173', '174']",['42']
87,Sebastian,,"['175', '176']",['43']
88,Hannah,,"['177', '178']",['43']
89,Aiden,,"['179', '180']",['44']
90,Bella,,"['181', '182']",['44']
91,Ryan,,"['183', '184']",['45']
92,Aaliyah,,"['185', '186']",['45']
93,Nathan,,"['187', '188']",['46']
94,Peyton,,"['189', '190']",['46']
95,Caleb,,"['191', '192']",['47']
96,Ariana,,"['193', '194']",['47']
97,Oliver,,"['195', '196']",['48']
98,Claire,,"['197', '198']",['48']
99,Hunter,,"['199', '200']",['49']
100,Arianna,,"['201', '202']",['49']
101,Christian,,"['203', '204']",['50']
102,Savannah,,"['205', '206']",['50']
103,Landon,,"['207', '208']",['51']
104,Addison,,"['209', '210']",['51']
105,Jonathan,,"['211', '212']",['52']
106,Camila,,"['213', '214']",['52']
107,Jaxon,,"['215', '216']",['53']
108,Zoe,,"['217', '218']",['53']
109,Levi,,"['219', '220']",['54']
110,Audrey,,"['221', '222']",['54']
111,Evan,,"['223', '224']",['55']
112,Skylar,,"['225', '226']",['55']
113,Brayden,,"['227', '228']",['56']
114,Ellie,,"['229', '230']",['56']
115,Nicholas,,"['231', '232']",['57']
116,Violet,,"['233', '234']",['57']
117,Jordan,,"['235', '236']",['58']
118,Aurora,,"['237', '238']",['58']
119,Isaac,,"['239', '240']",['59']
120,Savannah,,"['241', '242']",['59']
121,Zachary,,"['243', '244']",['60']
122,Bella,,"['245', '246']",['60']
123,Dominic,,"['247', '248']",['61']
124,Nova,,"['249', '250']",['61']
125,Jeremiah,,"['251', '252']",['62']
126,Penelope,,"['253', '254']",['62']
127,Angel,,"['255', '256']",['63']
128,Emilia,,"['257', '258']",['63']
129,Caleb,,"['259', '260']",['64']
130,Hannah,,"['261', '262']",['64']
131,Joseph,,"['263', '264']",['65']
132,Zara,,"['265', '266']",['65']
133,Adam,,"['267', '268']",['66']
134,Mila,,"['269', '270']",['66']
135,Levi,,"['271', '272']",['67']
136,Hazel,,"['273', '274']",['67']
137,Josiah,,"['275', '276']",['68']
138,Lucy,,"['277', '278']",['68']
139,Christopher,,"['279', '280']",['69']
140,Scarlett,,"['281', '282']",['69']
141,Julian,,"['283', '284']",['70']
142,Isabelle,,"['285', '286']",['70']
143,Aaron,,"['287', '288']",['71']
144,Luna,,"['289', '290']",['71']
145,Charles,,"['291', '292']",['72']
146,Aurora,,"['293', '294']",['72']
147,Eli,,"['295', '296']",['73']
148,Savannah,,"['297', '298']",['73']
149,Cameron,,"['299', '300']",['74']
150,Elena,,"['301', '302']",['74']
151,Tyler,,"['303', '304']",['75']
152,Ruby,,"['305', '306']",['75']
153,Adrian,,"['307', '308']",['76']
154,Emery,,"['309', '310']",['76']
155,Thomas,,"['311', '312']",['77']
156,Abigail,,"['313', '314']",['77']
157,Connor,,"['315', '316']",['78']
158,Zoey,,"['317', '318']",['78']
159,Hudson,,"['319', '320']",['79']
160,Clara,,"['321', '322']",['79']
161,Jordan,,"['323', '324']",['80']
162,Hadley,,"['325', '326']",['80']
163,Isaiah,,"['327', '328']",['81']
164,Paisley,,"['329', '330']",['81']
165,Brandon,,"['331', '332']",['82']
166,Eliana,,"['333', '334']",['82']
167,Luke,,"['335', '336']",['83']
168,Isabella,,"['337', '338']",['83']
169,Adrian,,"['339', '340']",['84']
170,Mia,,"['341', '342']",['84']
171,Wyatt,,"['343', '344']",['85']
172,Lila,,"['345', '346']",['85']
173,Henry,,"['347', '348']",['86']
174,Everly,,"['349', '350']",['86']
175,Sebastian,,"['351', '352']",['87']
176,Isla,,"['353', '354']",['87']
177,Jack,,"['355', '356']",['88']
178,Nora,,"['357', '358']",['88']
179,Aiden,,"['359', '360']",['89']
180,Piper,,"['361', '362']",['89']
181,Caleb,,"['363', '364']",['90']
182,Lucy,,"['365', '366']",['90']
183,Owen,,"['367', '368']",['91']
184,Hazel,,"['369', '370']",['91']
185,Chase,,"['371', '372']",['92']
186,Skylar,,"['373', '374']",['92']
187,Grayson,,"['375', '376']",['93']
188,Aria,,"['377', '378']",['93']
189,Jason,,"['379', '380']",['94']
190,Emma,,"['381', '382']",['94']
191,Levi,,"['383', '384']",['95']
192,Aurora,,"['385', '386']",['95']
193,Cameron,,"['387', '388']",['96']
194,Bella,,"['389', '390']",['96']
195,Nicholas,,"['391', '392']",['97']
196,Peyton,,"['393', '394']",['97']
197,Eli,,"['395', '396']",['98']
198,Scarlett,,"['397', '398']",['98']
199,Leo,,"['399', '400']",['99']
200,Stella,,"['401', '402']",['99']
201,Lincoln,,"['403', '404']",['100']
202,Lily,,"['405', '406']",['100']
203,Jeremiah,,"['407', '408']",['101']
204,Ellie,,"['409', '410']",['101']
205,Andrew,,"['411', '412']",['102']
206,Abigail,,"['413', '414']",['102']
207,Gabriel,,"['415', '416']",['103']
208,Isla,,"['417', '418']",['103']
209,Carter,,"['419', '420']",['104']
210,Avery,,"['421', '422']",['104']
211,Dylan,,"['423', '424']",['105']
212,Zoey,,"['425', '426']",['105']
213,Joshua,,"['427', '428']",['106']
214,Penelope,,"['429', '430']",['106']
215,Caleb,,"['431', '432']",['107']
216,Sofia,,"['433', '434']",['107']
217,Mason,,"['435', '436']",['108']
218,Layla,,"['437', '438']",['108']
219,Christopher,,"['439', '440']",['109']
220,Grace,,"['441', '442']",['109']
221,Dominic,,"['443', '444']",['110']
222,Harper,,"['445', '446']",['110']
223,Nolan,,"['447', '448']",['111']
224,Scarlett,,"['449', '450']",['111']
225,Colton,,"['451', '452']",['112']
226,Addison,,"['453', '454']",['112']
227,Elijah,,"['455', '456']",['113']
228,Lily,,"['457', '458']",['113']
229,Josiah,,"['459', '460']",['114']
230,Chloe,,"['461', '462']",['114']
231,Andrew,,"['463', '464']",['115']
232,Mia,,"['465', '466']",['115']
233,Julian,,"['467', '468']",['116']
234,Aurora,,"['469', '470']",['116']
235,Xavier,,"['471', '472']",['117']
236,Skylar,,"['473', '474']",['117']
237,Justin,,"['475', '476']",['118']
238,Ellie,,"['477', '478']",['118']
239,Jaxon,,"['479', '480']",['119']
240,Hannah,,"['481', '482']",['119']
241,Ryan,,"['483', '484']",['120']
242,Zoe,,"['485', '486']",['120']
243,Isaiah,,"['487', '488']",['121']
244,Ava,,"['489', '490']",['121']
245,Hunter,,"['491', '492']",['122']
246,Aria,,"['493', '494']",['122']
247,Jordan,,"['495', '496']",['123']
248,Isabella,,"['497', '498']",['123']
249,Jeremiah,,"['499', '500']",['124']
250,Scarlett,,"['501', '502']",['124']
251,Aaron,,"['503', '504']",['125']
252,Sophia,,"['505', '506']",['125']
253,Levi,,"['507', '508']",['126']
254,Emma,,"['509', '510']",['126']
255,Adrian,,[''],['127']
256,Abigail,,[''],['127']
257,Charles,,[''],['128']
258,Lily,,[''],['128']
259,Adam,,[''],['129']
260,Chloe,,[''],['129']
261,Thomas,,[''],['130']
262,Aria,,[''],['130']
263,Josiah,,[''],['131']
264,Penelope,,[''],['131']
265,Jason,,[''],['132']
266,Ava,,[''],['132']
267,Caleb,,[''],['133']
268,Scarlett,,[''],['133']
269,Samuel,,[''],['134']
270,Isla,,[''],['134']
271,Owen,,[''],['135']
272,Hazel,,[''],['135']
273,Hunter,,[''],['136']
274,Mia,,[''],['136']
275,Cameron,,[''],['137']
276,Grace,,[''],['137']
277,Jackson,,[''],['138']
278,Chloe,,[''],['138']
279,Jonathan,,[''],['139']
280,Ellie,,[''],['139']
281,Dylan,,[''],['140']
282,Zoey,,[''],['140']
283,Levi,,[''],['141']
284,Lily,,[''],['141']
285,Nicholas,,[''],['142']
286,Harper,,[''],['142']
287,Isaac,,[''],['143']
288,Addison,,[''],['143']
289,Brayden,,[''],['144']
290,Scarlett,,[''],['144']
291,Wyatt,,[''],['145']
292,Stella,,[''],['145']
293,Henry,,[''],['146']
294,Nora,,[''],['146']
295,Jordan,,[''],['147']
296,Emily,,[''],['147']
297,Evan,,[''],['148']
298,Victoria,,[''],['148']
299,Jeremiah,,[''],['149']
300,Scarlett,,[''],['149']
301,Julian,,[''],['150']
302,Amelia,,[''],['150']
303,Grayson,,[''],['151']
304,Isabella,,[''],['151']
305,Jackson,,[''],['152']
306,Ava,,[''],['152']
307,Caleb,,[''],['153']
308,Sophia,,[''],['153']
309,Hunter,,[''],['154']
310,Mia,,[''],['154']
311,Levi,,[''],['155']
312,Olivia,,[''],['155']
313,Samuel,,[''],['156']
314,Aria,,[''],['156']
315,Christian,,[''],['157']
316,Ella,,[''],['157']
317,Isaiah,,[''],['158']
318,Scarlett,,[''],['158']
319,Colton,,[''],['159']
320,Abigail,,[''],['159']
321,Dominic,,[''],['160']
322,Lily,,[''],['160']
323,Lincoln,,[''],['161']
324,Grace,,[''],['161']
325,Nolan,,[''],['162']
326,Ava,,[''],['162']
327,Nicholas,,[''],['163']
328,Harper,,[''],['163']
329,Zachary,,[''],['164']
330,Addison,,[''],['164']
331,Oliver,,[''],['165']
332,Scarlett,,[''],['165']
333,Cameron,,[''],['166']
334,Emily,,[''],['166']
335,Eli,,[''],['167']
336,Aria,,[''],['167']
337,Jaxon,,[''],['168']
338,Lily,,[''],['168']
339,Gabriel,,[''],['169']
340,Chloe,,[''],['169']
341,Andrew,,[''],['170']
342,Mia,,[''],['170']
343,Mason,,[''],['171']
344,Isabella,,[''],['171']
345,Justin,,[''],['172']
346,Ella,,[''],['172']
347,Carter,,[''],['173']
348,Scarlett,,[''],['173']
349,Julian,,[''],['174']
350,Sophia,,[''],['174']
351,Aaron,,[''],['175']
352,Penelope,,[''],['175']
353,Xavier,,[''],['176']
354,Ava,,[''],['176']
355,Jordan,,[''],['177']
356,Zoe,,[''],['177']
357,Adrian,,[''],['178']
358,Layla,,[''],['178']
359,Elijah,,[''],['179']
360,Scarlett,,[''],['179']
361,Owen,,[''],['180']
362,Aria,,[''],['180']
363,Isaiah,,[''],['181']
364,Zoey,,[''],['181']
365,Jason,,[''],['182']
366,Hannah,,[''],['182']
367,Jackson,,[''],['183']
368,Ellie,,[''],['183']
369,Ryan,,[''],['184']
370,Mia,,[''],['184']
371,Thomas,,[''],['185']
372,Harper,,[''],['185']
373,Josiah,,[''],['186']
374,Ava,,[''],['186']
375,Caleb,,[''],['187']
376,Chloe,,[''],['187']
377,Nicholas,,[''],['188']
378,Aria,,[''],['188']
379,Hunter,,[''],['189']
380,Scarlett,,[''],['189']
381,Cameron,,[''],['190']
382,Lily,,[''],['190']
383,Dylan,,[''],['191']
384,Addison,,[''],['191']
385,Levi,,[''],['192']
386,Emma,,[''],['192']
387,Brayden,,[''],['193']
388,Sofia,,[''],['193']
389,Colton,,[''],['194']
390,Grace,,[''],['194']
391,Wyatt,,[''],['195']
392,Stella,,[''],['195']
393,Isaiah,,[''],['196']
394,Emily,,[''],['196']
395,Adrian,,[''],['197']
396,Harper,,[''],['197']
397,Mason,,[''],['198']
398,Scarlett,,[''],['198']
399,Christian,,[''],['199']
400,Lily,,[''],['199']
401,Grayson,,[''],['200']
402,Aria,,[''],['200']
403,Nolan,,[''],['201']
404,Mia,,[''],['201']
405,Evan,,[''],['202']
406,Chloe,,[''],['202']
407,Henry,,[''],['203']
408,Ava,,[''],['203']
409,Zachary,,[''],['204']
410,Scarlett,,[''],['204']
411,Jackson,,[''],['205']
412,Emily,,[''],['205']
413,Dominic,,[''],['206']
414,Abigail,,[''],['206']
415,Samuel,,[''],['207']
416,Ella,,[''],['207']
417,Xavier,,[''],['208']
418,Lily,,[''],['208']
419,Justin,,[''],['209']
420,Zoey,,[''],['209']
421,Leo,,[''],['210']
422,Scarlett,,[''],['210']
423,Jason,,[''],['211']
424,Sophia,,[''],['211']
425,Josiah,,[''],['212']
426,Mia,,[''],['212']
427,Jordan,,[''],['213']
428,Harper,,[''],['213']
429,Wyatt,,[''],['214']
430,Aria,,[''],['214']
431,Julian,,[''],['215']
432,Layla,,[''],['215']
433,Gabriel,,[''],['216']
434,Ava,,[''],['216']
435,Elijah,,[''],['217']
436,Chloe,,[''],['217']
437,Owen,,[''],['218']
438,Scarlett,,[''],['218']
439,Mason,,[''],['219']
440,Isabella,,[''],['219']
441,Carter,,[''],['220']
442,Emily,,[''],['220']
443,Nicholas,,[''],['221']
444,Ella,,[''],['221']
445,Isaiah,,[''],['222']
446,Ava,,[''],['222']
447,Hunter,,[''],['223']
448,Zoey,,[''],['223']
449,Cameron,,[''],['224']
450,Scarlett,,[''],['224']
451,Oliver,,[''],['225']
452,Lily,,[''],['225']
453,Dylan,,[''],['226']
454,Grace,,[''],['226']
455,Jackson,,[''],['227']
456,Aria,,[''],['227']
457,Josiah,,[''],['228']
458,Sophia,,[''],['228']
459,Brayden,,[''],['229']
460,Mia,,[''],['229']
461,Colton,,[''],['230']
462,Harper,,[''],['230']
463,Mason,,[''],['231']
464,Scarlett,,[''],['231']
465,Justin,,[''],['232']
466,Lily,,[''],['232']
467,Andrew,,[''],['233']
468,Ava,,[''],['233']
469,Wyatt,,[''],['234']
470,Emily,,[''],['234']
471,Leo,,[''],['235']
472,Stella,,[''],['235']
473,Adrian,,[''],['236']
474,Mia,,[''],['236']
475,Grayson,,[''],['237']
476,Aria,,[''],['237']
477,Christian,,[''],['238']
478,Chloe,,[''],['238']
479,Nolan,,[''],['239']
480,Isabella,,[''],['239']
481,Elijah,,[''],['240']
482,Scarlett,,[''],['240']
483,Zachary,,[''],['241']
484,Ava,,[''],['241']
485,Samuel,,[''],['242']
486,Zoey,,[''],['242']
487,Isaiah,,[''],['243']
488,Lily,,[''],['243']
489,Josiah,,[''],['244']
490,Scarlett,,[''],['244']
491,Xavier,,[''],['245']
492,Emily,,[''],['245']
493,Jackson,,[''],['246']
494,Ava,,[''],['246']
495,Mason,,[''],['247']
496,Mia,,[''],['247']
497,Owen,,[''],['248']
498,Harper,,[''],['248']
499,Gabriel,,[''],['249']
500,Aria,,[''],['249']
501,Wyatt,,[''],['250']
502,Chloe,,[''],['250']
503,Julian,,[''],['251']
504,Scarlett,,[''],['251']
505,Leo,,[''],['252']
506,Emily,,[''],['252']
507,Hunter,,[''],['253']
508,Ava,,[''],['253']
509,Colton,,[''],['254']
510,Lily,,[''],['254']
